[{"id":"user-image-nip3.jpg","publicUrl":"np://user.desktop.nicepage.com/Site_323007223/images/nip3.jpg","size":333843,"hash":"GU41Nbb6IiUkqCVQHuD6cIMluc8=","fileName":"nip3.jpg","name":"nip3","width":2069,"height":1018,"thumbnail":{"url":"np://user.desktop.nicepage.com/Site_323007223/images/thumbnails/nip3.jpg","width":250,"height":123},"folderId":null,"usages":["505205310"]},{"id":"user-image-cover.jpg","publicUrl":"np://user.desktop.nicepage.com/Site_323007223/images/cover.jpg","size":168448,"hash":"9P7d+HqQjbxSdFpzsx6V9fWEUbI=","fileName":"cover.jpg","name":"cover","width":1200,"height":800,"thumbnail":{"url":"np://user.desktop.nicepage.com/Site_323007223/images/thumbnails/cover.jpg","width":250,"height":167},"folderId":null,"usages":["505205310"]},{"id":"user-image-DreamShaper_v7_Create_a_medieval_style_battle_map_of_the_taran_0.jpg","publicUrl":"np://user.desktop.nicepage.com/Site_323007223/images/DreamShaper_v7_Create_a_medieval_style_battle_map_of_the_taran_0.jpg","size":1003225,"hash":"qRBc84TnAnwRSyrP8J/bt42eBAU=","fileName":"DreamShaper_v7_Create_a_medieval_style_battle_map_of_the_taran_0.jpg","name":"DreamShaper_v7_Create_a_medieval_style_battle_map_of_the_taran_0","width":1536,"height":1152,"thumbnail":{"url":"np://user.desktop.nicepage.com/Site_323007223/images/thumbnails/DreamShaper_v7_Create_a_medieval_style_battle_map_of_the_taran_0.jpg","width":250,"height":188},"folderId":null,"usages":["505205310"]}]