[{"id":24180754,"status":2,"title":"Blog Template","order":1,"templateKey":"blog","customTemplate":false,"customTemplateFilename":null,"pageLinks":[],"dateCreated":"2023-08-06T20:19:00.468Z","dateUpdated":"2023-08-06T20:19:03.622Z","folderId":null,"pageName":"Blog Template"},{"id":34824052,"status":2,"title":"Post Template","order":2,"templateKey":"post","customTemplate":false,"customTemplateFilename":null,"pageLinks":[],"dateCreated":"2023-08-06T20:19:00.838Z","dateUpdated":"2023-08-06T20:19:03.933Z","folderId":null,"pageName":"Post Template"},{"id":2010517111,"status":2,"title":"Product List Template","order":3,"templateKey":"products","customTemplate":false,"customTemplateFilename":null,"pageLinks":[],"dateCreated":"2023-08-06T20:19:01.196Z","dateUpdated":"2023-08-06T20:19:04.138Z","folderId":null,"pageName":"Product List Template"},{"id":49932369,"status":2,"title":"Product Details Template","order":4,"templateKey":"product","customTemplate":false,"customTemplateFilename":null,"pageLinks":[],"dateCreated":"2023-08-06T20:19:01.525Z","dateUpdated":"2023-08-06T20:19:04.333Z","folderId":null,"pageName":"Product Details Template"},{"id":36727122,"status":2,"title":"Shopping Cart Template","order":5,"templateKey":"cart","customTemplate":false,"customTemplateFilename":null,"pageLinks":[],"dateCreated":"2023-08-06T20:19:01.878Z","dateUpdated":"2023-08-06T20:19:04.753Z","folderId":null,"pageName":"Shopping Cart Template"},{"id":230339812,"status":2,"title":"Checkout Template","order":6,"templateKey":"checkout","customTemplate":false,"customTemplateFilename":null,"pageLinks":[],"dateCreated":"2023-08-06T20:19:02.274Z","dateUpdated":"2023-08-06T20:19:04.859Z","folderId":null,"pageName":"Checkout Template"},{"id":1394330453,"status":2,"title":"Login Template","order":7,"templateKey":"login","customTemplate":false,"customTemplateFilename":null,"pageLinks":[],"dateCreated":"2023-08-06T20:19:02.502Z","dateUpdated":"2023-08-06T20:19:04.984Z","folderId":null,"pageName":"Login Template"},{"id":179400108,"status":2,"title":"Page Password Template","order":8,"templateKey":"password","customTemplate":false,"customTemplateFilename":null,"pageLinks":[],"dateCreated":"2023-08-06T20:19:02.699Z","dateUpdated":"2023-08-06T20:19:05.130Z","folderId":null,"pageName":"Page Password Template"},{"id":212945393,"status":2,"title":"404 Not Found Template","order":9,"templateKey":"404","customTemplate":false,"customTemplateFilename":null,"pageLinks":[],"dateCreated":"2023-08-06T20:19:02.848Z","dateUpdated":"2023-08-06T20:19:05.350Z","folderId":null,"pageName":"404 Not Found Template"},{"id":974603565,"status":2,"title":"Contact","order":101,"templateKey":null,"customTemplate":false,"customTemplateFilename":null,"pageLinks":[],"dateCreated":"2023-08-06T20:19:03.080Z","dateUpdated":"2023-08-06T21:11:36.562Z","folderId":null,"pageName":"Contact_974603565"},{"id":505205310,"status":2,"title":"Home","order":102,"templateKey":null,"customTemplate":false,"customTemplateFilename":null,"pageLinks":[],"dateCreated":"2023-08-06T20:39:24.321Z","dateUpdated":"2023-08-07T09:48:40.778Z","folderId":null,"pageName":"Home_505205310"}]